MyUniID,NS1,refCoupNum,coup1,coup2,coup3,interviewDt
24,20,51035,NA,NA,NA,1584442466000
26,35,11007,61004,61005,61006,1583937591000
30,5,51034,NA,NA,NA,1584540228000
31,10,51037,NA,NA,NA,1584893668000
32,11,51039,NA,NA,NA,1585053790000
40,11,71049,71114,71113,71112,1586177481000
42,5,61005,51040,51041,51042,1584286495000
48,4,71021,51039,51037,51038,1584284390000
87,5,51040,NA,NA,NA,1584548470000
114,4,71002,71038,71037,71039,1584370448000
115,15,51053,NA,NA,NA,1585150064000
136,20,51041,NA,NA,NA,1584448504000
147,6,71020,71026,71025,71027,1584275843000
148,12,71167,71217,71219,71218,1587473947000
152,6,71025,51054,51052,51053,1584442514000
163,5,51054,51103,51104,51105,1584978580000
165,10,71037,NA,NA,NA,1585670101000
166,20,51042,NA,NA,NA,1584973446000
182,10,51055,6040,6041,6042,1584889882000
183,4,51031,NA,NA,NA,1584452047000
196,10,11082,6076,6077,6078,1585670622000
214,10,11084,NA,NA,NA,1585585860000
244,24,61070,11082,11084,11083,1585499318000
247,18,61054,NA,NA,NA,1585222138000
252,16,11058,11061,11062,11063,1584967091000
257,11,11059,61053,61054,61052,1584978154000
262,10,11055,11058,11059,11060,1584886657000
267,23,6013,NA,NA,NA,1585058075000
290,11,11038,11057,11055,11056,1584617725000
292,15,61046,NA,NA,NA,1584978313000
303,11,11033,11043,11045,11044,1584459416000
304,3,6015,61046,61047,61048,1584893647000
305,13,61048,NA,NA,NA,1585058135000
316,16,71108,NA,NA,NA,1586351169000
321,15,61078,11112,11113,11114,1586797039000
332,7,71003,6013,6014,6015,1584285846000
334,14,61088,11130,11132,11131,1586876970000
342,20,61039,61090,61089,61088,1585497420000
348,13,61090,11085,11086,11087,1585582795000
352,14,11010,NA,NA,NA,1584459532000
366,11,11035,NA,NA,NA,1584450061000
372,15,31136,41166,41165,41164,1586869489000
374,10,11074,61076,61078,61077,1585222228000
375,8,11050,61057,61056,61055,1584983618000
381,7,11047,91019,91021,91020,1584547581000
382,13,61055,91029,91028,91030,1585064322000
386,6,51049,11046,11047,11048,1584464212000
388,13,61077,11079,11080,11081,1585492611000
396,16,61096,61108,61106,61107,1586711795000
406,25,61042,NA,NA,NA,1585137694000
408,20,91019,NA,NA,NA,1584973782000
419,6,91042,NA,NA,NA,1585671730000
421,11,61056,NA,NA,NA,1585219197000
426,10,11048,NA,NA,NA,1584617065000
428,17,11046,NA,NA,NA,1584972789000
430,14,11049,NA,NA,NA,1584896110000
431,10,11039,NA,NA,NA,1584537525000
434,13,91021,NA,NA,NA,1584975292000
437,15,91086,61175,61176,61177,1587381843000
439,22,91023,61060,61059,61058,1585058461000
440,11,91040,61095,61096,61094,1586183345000
442,13,91032,NA,NA,NA,1585487862000
444,12,61041,91032,91033,91031,1585153783000
445,17,91031,11076,11078,11077,1585224722000
453,11,11053,61072,61070,61071,1585152641000
455,10,51050,NA,NA,NA,1584446172000
457,7,11034,11052,11053,11054,1584554108000
461,14,11052,91024,91023,91022,1584884524000
468,7,11056,NA,NA,NA,1584888836000
476,14,61010,51049,51050,51051,1584376876000
477,6,51051,NA,NA,NA,1584462312000
487,7,NA,71011,71010,71012,1583842911000
492,15,61075,61087,61086,61085,1585493743000
500,15,11054,61039,61038,61037,1584882789000
503,11,11026,11037,11038,11039,1584452138000
506,20,11027,NA,NA,NA,1584452258000
507,18,11012,11027,11026,11025,1584359661000
509,17,71012,11011,11012,11010,1584019339000
516,9,61086,NA,NA,NA,1586191519000
518,5,11011,51046,51047,51048,1584369142000
523,12,91033,91039,91037,91038,1585494154000
526,13,61011,11031,11032,11033,1584373308000
535,16,61071,61075,61074,61073,1585218657000
539,18,61012,11034,11035,11036,1584376792000
543,12,11078,91042,91040,91041,1585499548000
548,20,11062,NA,NA,NA,1585149170000
550,13,11076,NA,NA,NA,1585743913000
560,7,11097,91063,91062,91061,1586787382000
573,10,61092,91093,91092,91091,1586954708000
577,5,61062,91036,91035,91034,1585225123000
579,15,91036,NA,NA,NA,1585739879000
590,17,91022,NA,NA,NA,1585219281000
593,25,61074,11090,11088,11089,1585656842000
594,17,61085,11098,11097,11099,1586693068000
601,11,11088,11190,11189,11188,1587564863000
607,12,91044,11172,11173,11174,1587394161000
610,20,11090,61097,61098,61099,1586346125000
611,14,11073,NA,NA,NA,1585495703000
613,23,61066,NA,NA,NA,1585488910000
621,15,61037,61063,61062,61061,1585135903000
625,10,11025,61040,61041,61042,1584887719000
626,11,61087,11104,11105,11103,1586705879000
629,10,61047,NA,NA,NA,1584961960000
637,11,11098,NA,NA,NA,1586875120000
642,39,71010,61011,61012,61010,1584275444000
645,9,61093,11110,11109,11111,1586795325000
646,16,61029,11096,11095,11094,1586270328000
648,10,51044,61030,61028,61029,1584535439000
649,15,61028,NA,NA,NA,1585069330000
651,12,61082,NA,NA,NA,1585573038000
659,19,91048,11142,11143,11144,1587035499000
663,12,11095,91046,91047,91048,1586693119000
671,13,11144,91123,91122,91121,1587477114000
680,13,11186,NA,NA,NA,1587986744000
686,23,11036,11049,11050,11051,1584545396000
694,5,11051,NA,NA,NA,1584616352000
701,12,61084,61101,61102,61100,1586357504000
703,14,91027,NA,NA,NA,1585574642000
705,7,61083,91045,91043,91044,1585747414000
708,16,91025,61082,61083,61084,1585486308000
710,15,91020,61080,61081,61079,1585224061000
712,13,61095,91055,91056,91057,1586777658000
715,9,11079,NA,NA,NA,1585655750000
721,15,91028,NA,NA,NA,1585745289000
722,12,61057,91027,91026,91025,1585053437000
733,8,11080,NA,NA,NA,1585656897000
735,8,61030,NA,NA,NA,1584890520000
736,10,11091,11117,11116,11115,1586798672000
739,12,11081,11093,11092,11091,1585669927000
740,4,11092,NA,NA,NA,1586177275000
742,13,91016,NA,NA,NA,1584889283000
748,18,91121,11187,11186,11185,1587561441000
755,17,61049,NA,NA,NA,1585137709000
765,12,61168,91128,91129,91127,1587554168000
770,21,91080,91133,91134,91135,1587564139000
771,10,11146,11169,11170,11171,1587391873000
778,11,91068,11166,11167,11168,1587384763000
779,16,6043,71158,71157,71159,1586785945000
786,17,91064,91077,91076,91078,1586865622000
799,16,91075,11145,11147,11146,1587040606000
806,8,11101,91064,91065,91066,1586789988000
814,14,91077,91090,91089,91088,1586948310000
827,17,71159,91116,91117,91115,1587389421000
829,10,61100,91075,91073,91074,1586862133000
830,14,61101,11102,11100,11101,1586699218000
840,14,61102,61105,61104,61103,1586696265000
843,3,NA,71001,71003,71002,1583686282000
855,10,31187,NA,NA,NA,1587906026000
905,9,31101,31139,31138,31140,1586705893000
906,10,81063,NA,NA,NA,1585152015000
920,12,31139,6144,6142,6143,1586868683000
946,16,31099,41191,41193,41192,1586967445000
956,11,41140,31184,31185,31186,1587300680000
963,6,31058,NA,NA,NA,1585144631000
965,12,41174,NA,NA,NA,1587304655000
973,10,31100,41141,41142,41140,1586774553000
982,10,31020,NA,NA,NA,1585068777000
998,15,31140,41174,41173,41175,1586879945000
1009,13,41173,31182,31183,31181,1587039859000
1019,11,31057,31089,31088,31087,1585567845000
1023,11,51172,71156,71155,71154,1586783907000
1030,7,31056,NA,NA,NA,1585150112000
1035,20,31089,NA,NA,NA,1586179366000
1048,8,31041,31070,31071,31069,1585056084000
1067,19,41084,NA,NA,NA,1585488048000
1077,23,31042,81062,81061,81063,1585063945000
1104,13,31183,6166,6167,6168,1587298793000
1114,10,11129,6178,6179,6180,1587387706000
1128,18,31138,11128,11127,11129,1586871502000
1131,11,31070,41085,41084,41083,1585149707000
1133,10,11128,31187,31188,31189,1587307443000
1174,10,61034,NA,NA,NA,1584894935000
1175,18,11106,11139,11140,11141,1586957673000
1178,15,41160,91106,91107,91108,1587303008000
1188,13,61106,91095,91094,91096,1586958964000
1195,12,61035,NA,NA,NA,1584892497000
1218,15,61007,91006,91005,91004,1584285973000
1275,10,61157,61185,61184,61186,1587390065000
1298,20,51155,61159,61158,61157,1587297257000
1333,5,NA,11001,11002,11003,1583771229000
1383,12,91115,11180,11181,11179,1587481390000
1460,10,61091,91060,91058,91059,1586782626000
1463,8,11075,NA,NA,NA,1585140753000
1464,3,51043,61024,61022,61023,1584450449000
1470,3,61024,NA,NA,NA,1584529902000
1485,15,11064,61066,61065,61064,1585139074000
1486,15,61023,11073,11074,11075,1585063277000
1487,15,91003,51043,51044,51045,1584363077000
1494,12,11057,NA,NA,NA,1584880626000
1495,11,51045,NA,NA,NA,1584976449000
1498,11,11029,11040,11042,11041,1584455157000
1509,10,11028,91018,91017,91016,1584532702000
1513,8,91071,91103,91104,91105,1587297629000
1516,15,91018,NA,NA,NA,1584983129000
1534,7,11041,61033,61032,61031,1584616243000
1543,20,11008,91001,91002,91003,1583939887000
1559,7,91049,91070,91072,91071,1586797191000
1564,17,91001,61026,61025,61027,1584531447000
1567,12,61026,NA,NA,NA,1584966398000
1592,18,71054,6045,6044,6043,1584962447000
1597,15,91063,91084,91083,91082,1586872799000
1603,4,51038,71049,71051,71050,1584538791000
1605,12,6016,NA,NA,NA,1585485056000
1617,7,51002,51016,51017,51018,1583946929000
1646,8,6032,71072,71071,71070,1584979409000
1656,10,51016,71021,71020,71019,1584013585000
1658,11,6046,NA,NA,NA,1585673134000
1665,30,51018,71036,71035,71034,1584281524000
1702,6,NA,71009,71007,71008,1583772965000
1749,14,71050,71143,71142,71144,1586772288000
1817,10,51100,NA,NA,NA,1585671403000
1829,15,51159,21043,21045,21044,1586950969000
1831,10,21052,51253,51251,51252,1587485198000
1837,10,71220,51254,51255,51256,1587553913000
1854,10,71222,NA,NA,NA,1588164223000
1860,10,51166,61151,61152,61153,1587040261000
1861,5,61132,21059,21058,21060,1587311182000
1874,10,61147,21052,21053,21054,1587042609000
1885,10,6066,21041,21042,21040,1586873763000
1898,17,21015,NA,NA,NA,1586862125000
1903,16,21040,71222,71220,71221,1587477524000
1907,20,11009,61003,61002,61001,1583929577000
1908,10,51222,21086,21085,21087,1587560770000
1914,16,21031,61138,61136,61137,1586952857000
1920,10,71221,NA,NA,NA,1587992242000
1925,10,21041,NA,NA,NA,1587639937000
1930,7,61130,NA,NA,NA,1587385845000
1944,7,51171,21013,21014,21015,1586778504000
1948,15,71202,NA,NA,NA,1587990057000
1951,16,51209,71202,71204,71203,1587383592000
1990,10,51247,NA,NA,NA,1588086115000
1991,12,61139,NA,NA,NA,1587387309000
1993,15,61112,61149,61148,61150,1587036694000
2000,12,61118,61140,61141,61139,1586955406000
2016,10,21013,51209,51210,51211,1586948071000
2018,10,71186,NA,NA,NA,1587908821000
2042,5,51211,NA,NA,NA,1587646644000
2050,10,61002,71023,71024,71022,1584018118000
2057,10,71131,61131,61130,61132,1586873738000
2062,11,51178,51221,51223,51222,1587042270000
2066,10,21054,NA,NA,NA,1587563049000
2073,13,71068,6066,6065,6064,1585150325000
2076,20,NA,11009,11007,11008,1583852630000
2082,12,61198,NA,NA,NA,1587986393000
2107,15,61140,71184,71185,71186,1587035377000
2131,10,51223,51265,51263,51264,1587562124000
2136,7,21082,NA,NA,NA,1587905867000
2137,10,51182,61147,61146,61145,1586959319000
2139,10,21014,NA,NA,NA,1587298018000
2140,15,51221,51245,51246,51247,1587473550000
2165,10,51210,61197,61196,61198,1587565300000
2175,10,61150,21082,21084,21083,1587558343000
2184,10,71185,NA,NA,NA,1588164113000
2191,10,51251,NA,NA,NA,1588169822000
2213,3,6027,71060,71059,71058,1584894176000
2223,7,51006,51013,51014,51015,1583939218000
2239,6,71009,51004,51005,51006,1583856795000
2258,10,6006,51031,51032,51033,1584280381000
2259,10,71059,71101,71102,71100,1585667011000
2266,6,51013,NA,NA,NA,1584455830000
2269,7,6001,NA,NA,NA,1584540545000
2280,13,51015,6006,6004,6005,1584015768000
2288,8,71030,51057,51056,51055,1584445837000
2289,5,51057,71057,71056,71055,1584889066000
2290,5,71008,51001,51002,51003,1583841786000
2291,7,51005,6002,6001,6003,1583939408000
2296,13,71056,51122,51124,51123,1585225465000
2297,18,6005,81019,81020,81021,1584277482000
2307,6,71036,71047,71048,71046,1584536658000
2308,9,71035,6016,6017,6018,1584443170000
2312,7,6017,6051,6050,6049,1584976468000
2314,8,71047,6047,6046,6048,1584974029000
2315,11,6049,71088,71089,71090,1585226659000
2318,14,6042,71077,71078,71076,1585135951000
2333,12,71217,21079,21080,21081,1587554191000
2341,10,6051,51133,51131,51132,1585492432000
2345,11,71018,6033,6031,6032,1584619484000
2346,12,6031,71083,71084,71082,1585145004000
2355,6,6004,81042,81041,81040,1584541643000
2358,7,51004,71018,71017,71016,1583940091000
2363,6,51009,51022,51023,51024,1584015557000
2364,3,51001,51008,51007,51009,1583932755000
2402,15,31160,41216,41215,41217,1587469855000
2405,13,41208,NA,NA,NA,1587904261000
2409,10,41170,6197,6198,6196,1587562646000
2410,11,6110,NA,NA,NA,1586782071000
2413,10,41118,6109,6110,6111,1586698684000
2417,6,41011,NA,NA,NA,1584443148000
2420,9,41066,31114,31115,31116,1586267100000
2421,15,31026,41066,41065,41067,1585054920000
2426,13,31135,31160,31161,31162,1586870319000
2447,10,61036,91054,91053,91052,1586701179000
2451,10,6177,NA,NA,NA,1587478337000
2454,13,6150,41179,41180,41181,1586953400000
2458,19,81076,41113,41114,41115,1586432134000
2459,17,31159,NA,NA,NA,1587299642000
2463,19,41113,41156,41157,41155,1586860633000
2474,10,41171,NA,NA,NA,1587394367000
2481,18,6109,41150,41151,41149,1586790316000
2486,21,41172,41221,41222,41223,1587475249000
2505,16,31141,NA,NA,NA,1587298273000
2506,20,31148,31190,31191,31192,1587385018000
2508,14,31137,6148,6149,6150,1586878906000
2511,10,31115,31137,31135,31136,1586699045000
2527,11,41151,31177,31175,31176,1586959491000
2530,20,6139,41187,41186,41185,1586958306000
2538,15,31147,41188,41189,41190,1586961119000
2539,12,41190,41227,41228,41229,1587557778000
2542,11,41114,31148,31149,31147,1586783776000
2555,12,31162,6157,6158,6159,1586967535000
2559,8,41123,NA,NA,NA,1587555711000
2561,14,31161,41200,41201,41202,1587302224000
2562,5,41149,31207,31206,31205,1587472396000
2566,10,41155,6188,6189,6187,1587470775000
2573,13,31149,NA,NA,NA,1586963403000
2581,11,6122,41218,41220,41219,1587472417000
2585,15,41115,41172,41171,41170,1586877741000
2594,9,31114,NA,NA,NA,1586962811000
2596,15,41185,NA,NA,NA,1587297098000
2606,14,41181,31213,31212,31211,1587478365000
2615,11,41188,NA,NA,NA,1587307931000
2616,22,6129,NA,NA,NA,1587467201000
2620,16,31092,NA,NA,NA,1585656401000
2621,11,41065,NA,NA,NA,1585488860000
2622,13,41088,31091,31090,31092,1585571750000
2623,11,11024,NA,NA,NA,1584451103000
2630,11,31090,NA,NA,NA,1587642686000
2635,7,61020,NA,NA,NA,1584892291000
2639,6,11001,61019,61021,61020,1584373550000
2651,10,41086,NA,NA,NA,1585578770000
2653,18,6106,NA,NA,NA,1586786714000
2654,15,31102,81093,81092,81091,1586354078000
2671,14,41069,31096,31098,31097,1585665542000
2674,17,31097,NA,NA,NA,1586181939000
2675,9,41087,31102,31103,31104,1586183742000
2679,6,41008,NA,NA,NA,1584453116000
2680,5,41007,31028,31026,31027,1584460060000
2684,14,31060,NA,NA,NA,1585052680000
2685,15,81093,41124,41123,41122,1586439046000
2690,13,81017,41007,41008,41009,1584278381000
2692,6,41023,31024,31025,31023,1584449171000
2693,18,31158,31197,31196,31198,1587390560000
2694,10,41009,41024,41022,41023,1584359129000
2705,5,41018,81036,81034,81035,1584448837000
2712,7,31103,31121,31122,31120,1586353238000
2714,5,11014,NA,NA,NA,1584889608000
2715,6,31030,31062,31061,31060,1584983016000
2731,21,31009,41017,41016,41018,1584288185000
2732,12,31008,NA,NA,NA,1584982869000
2740,15,31120,41121,41120,41119,1586437087000
2742,11,81018,NA,NA,NA,1584363125000
2746,12,31027,NA,NA,NA,1584971369000
2750,14,41121,NA,NA,NA,1588073235000
2762,7,41005,11015,11014,11013,1584282664000
2769,8,61004,31009,31008,31007,1584014890000
2780,5,11015,NA,NA,NA,1584982249000
2781,6,31023,NA,NA,NA,1584884984000
2791,13,41125,NA,NA,NA,1587036118000
2795,3,41015,41040,41041,41042,1584456736000
2800,5,41022,31031,31030,31029,1584530437000
2814,5,41024,NA,NA,NA,1584445499000
2830,6,31024,31064,31063,31065,1585053140000
2838,19,81079,41111,41112,41110,1586263714000
2865,24,81035,81051,81049,81050,1584975642000
2867,4,41042,NA,NA,NA,1584540830000
2869,10,31104,41138,41137,41139,1586702123000
2874,10,41013,41054,41052,41053,1584541683000
2875,11,41053,NA,NA,NA,1585061288000
2876,5,41017,NA,NA,NA,1584544952000
2881,14,41127,41212,41213,41214,1587392801000
2884,10,41212,31219,31218,31217,1587560420000
2900,10,41001,31003,31002,31001,1583848379000
2904,5,41002,81010,81011,81012,1583848367000
2912,10,81015,NA,NA,NA,1585493107000
2913,6,81012,NA,NA,NA,1584887108000
2916,16,31047,NA,NA,NA,1585567348000
2931,7,6041,71081,71080,71079,1585142837000
2932,11,81011,81014,81015,81013,1583931011000
2935,17,31001,81016,81017,81018,1584015284000
2936,6,41010,31047,31048,31049,1584888399000
2943,21,41003,41010,41011,41012,1584282339000
2950,11,81092,6106,6107,6108,1586694249000
2952,10,81010,NA,NA,NA,1584887916000
2968,20,11022,41048,41046,41047,1584463616000
2972,15,31048,NA,NA,NA,1584984056000
2973,18,81052,NA,NA,NA,1585667544000
2978,11,41012,31011,31013,31012,1584359789000
2982,6,81029,NA,NA,NA,1587386733000
2984,8,81016,11022,11024,11023,1584290858000
2986,4,81030,NA,NA,NA,1584542873000
2987,10,31003,81029,81030,81028,1584291063000
2998,15,91124,NA,NA,NA,1587910992000
2999,12,41047,41070,41069,41068,1585059001000
3001,10,81051,41088,41087,41086,1585490217000
3005,15,31049,NA,NA,NA,1585743406000
3006,20,NA,41002,41003,41001,1583686594000
3030,16,31157,41207,41208,41206,1587382760000
3033,9,31002,41013,41014,41015,1584285857000
3038,9,6111,31180,31178,31179,1587038374000
3039,10,31051,NA,NA,NA,1585499084000
3040,5,41033,NA,NA,NA,1584620174000
3044,14,31035,81066,81065,81064,1585145104000
3045,9,31039,NA,NA,NA,1585741798000
3048,9,41097,NA,NA,NA,1585669815000
3060,9,81064,NA,NA,NA,1585221281000
3061,21,81066,NA,NA,NA,1585663481000
3074,5,61021,31036,31037,31035,1584536393000
3078,22,6178,41224,41225,41226,1587555051000
3094,100,61019,NA,NA,NA,1584446077000
3096,13,41089,41096,41097,41095,1585576309000
3097,13,31075,NA,NA,NA,1585668325000
3107,11,41079,NA,NA,NA,1585569079000
3112,12,31062,NA,NA,NA,1585218829000
3114,6,31017,NA,NA,NA,1584522068000
3118,5,61016,NA,NA,NA,1584623734000
3120,14,41096,81087,81086,81085,1586182333000
3134,12,6128,NA,NA,NA,1587907106000
3152,10,41032,41072,41073,41071,1585065898000
3153,13,31096,NA,NA,NA,1586262859000
3155,6,41046,31052,31050,31051,1584891990000
3159,9,41064,NA,NA,NA,1585575977000
3162,10,31074,31085,31084,31086,1585485872000
3163,6,41048,31074,31072,31073,1585063981000
3173,15,81053,81055,81056,81057,1585051890000
3174,17,31031,NA,NA,NA,1584893214000
3181,14,81057,NA,NA,NA,1585490995000
3186,10,81013,NA,NA,NA,1584524147000
3194,10,41126,31157,31158,31159,1586869751000
3196,9,41051,NA,NA,NA,1584984444000
3231,11,81028,81054,81053,81052,1584980896000
3237,14,81054,NA,NA,NA,1585140334000
3239,10,41120,NA,NA,NA,1586790509000
3245,23,41059,41098,41099,41100,1585654234000
3250,6,31038,NA,NA,NA,1585146689000
3269,17,81065,NA,NA,NA,1586259836000
3283,14,41110,6182,6181,6183,1587391429000
3287,4,41006,NA,NA,NA,1584975623000
3301,10,41119,6127,6128,6129,1586790241000
3306,9,61013,NA,NA,NA,1584980219000
3310,10,31213,NA,NA,NA,1587641079000
3311,13,6127,6185,6186,6184,1587467320000
3313,18,81078,41125,41127,41126,1586693289000
3334,14,31095,41152,41154,41153,1586794824000
3346,7,31021,NA,NA,NA,1585491757000
3355,12,41004,41019,41021,41020,1584292574000
3362,9,41082,NA,NA,NA,1585582350000
3365,5,41020,31022,31021,31020,1584447229000
3380,11,31022,41091,41090,41089,1585497797000
3384,8,31093,41130,41128,41129,1586696276000
3395,4,41116,NA,NA,NA,1586786583000
3401,17,31105,6134,6135,6133,1586794424000
3403,11,41062,31093,31094,31095,1585658987000
3407,16,41094,81081,81079,81080,1585659076000
3410,17,41093,81076,81077,81078,1585654150000
3411,15,81081,41107,41108,41109,1586261788000
3416,15,31029,41062,41063,41064,1584962432000
3417,10,31061,NA,NA,NA,1585050635000
3418,8,41049,NA,NA,NA,1584964015000
3426,6,81001,41004,41005,41006,1584014031000
3428,16,11104,91087,91086,91085,1586878263000
3434,5,41050,NA,NA,NA,1584962996000
3435,12,41019,41049,41050,41051,1584517874000
3447,8,61015,NA,NA,NA,1584533974000
3454,21,41108,41118,41117,41116,1586434716000
3461,20,41104,NA,NA,NA,1586268164000
3465,22,41063,81071,81072,81070,1585153405000
3469,10,41021,61015,61014,61013,1584357934000
3470,6,61014,31040,31039,31038,1584543645000
3476,40,81072,41094,41093,41092,1585569802000
3489,4,41029,31034,31033,31032,1584532077000
3491,6,31032,NA,NA,NA,1584978384000
3492,5,31046,31082,31081,31083,1585154713000
3497,13,31077,NA,NA,NA,1585663762000
3511,11,41031,NA,NA,NA,1584878983000
3517,14,31034,NA,NA,NA,1584978219000
3521,8,31044,31068,31067,31066,1585054759000
3526,15,31069,NA,NA,NA,1585137863000
3529,17,NA,81009,81008,81007,1583842523000
3535,12,41081,81084,81083,81082,1586176980000
3540,10,81007,61016,61017,61018,1584362407000
3541,16,81009,41028,41029,41030,1584373406000
3542,16,41028,NA,NA,NA,1585056565000
3544,17,31040,41082,41081,41080,1585143805000
3564,13,31068,41078,41077,41079,1585138907000
3566,4,61018,41031,41032,41033,1584444751000
3572,21,31094,NA,NA,NA,1586189609000
3573,6,31033,31045,31046,31044,1584883142000
3579,5,81008,NA,NA,NA,1584465111000
3587,10,41202,6175,6176,6177,1587385313000
3594,12,41107,31143,31142,31141,1586708664000
3601,6,61017,NA,NA,NA,1584620745000
3621,6,6176,NA,NA,NA,1587996872000
3666,15,61158,NA,NA,NA,1587646210000
3679,7,11068,61068,61067,61069,1585141565000
3680,15,91006,61043,61044,61045,1584890719000
3682,14,11153,NA,NA,NA,1587913698000
3692,16,91004,11067,11068,11069,1584977637000
3701,10,71120,51153,51152,51154,1586353860000
3715,7,61045,61051,61049,61050,1584970941000
3723,15,51198,NA,NA,NA,1586950671000
3729,12,61068,NA,NA,NA,1585673728000
3745,19,61069,NA,NA,NA,1585585306000
3747,16,11107,11153,11152,11151,1587302002000
3757,11,11089,61093,61092,61091,1585742350000
3758,11,61104,91081,91079,91080,1586869374000
3760,15,61003,61007,61008,61009,1584013791000
3767,10,91045,91049,91050,91051,1586697657000
3768,12,91123,NA,NA,NA,1587643039000
3774,11,11040,NA,NA,NA,1584885825000
3784,10,91120,NA,NA,NA,1587903884000
3788,13,91127,NA,NA,NA,1587906765000
3803,10,91134,NA,NA,NA,1587912749000
3836,6,11002,NA,NA,NA,1584444441000
3853,13,61043,NA,NA,NA,1584981563000
3885,15,11083,NA,NA,NA,1585666728000
3908,15,11108,61162,61161,61160,1587301677000
3912,11,61067,11106,11107,11108,1586777642000
3922,9,61189,NA,NA,NA,1588246198000
3929,15,91081,91114,91113,91112,1587384534000
3930,12,91076,61187,61189,61188,1587478978000
3932,11,61180,NA,NA,NA,1587643062000
3943,15,11100,61182,61183,61181,1587385773000
3949,13,61170,91130,91131,91132,1587558909000
3950,16,91065,11165,11164,11163,1587382536000
3957,11,91073,91102,91100,91101,1587041130000
3962,12,91074,61178,61179,61180,1587383653000
3970,13,91067,61167,61168,61166,1587306794000
4006,15,41158,11150,11149,11148,1587299932000
4007,10,91099,61170,61169,61171,1587308607000
4010,18,91098,11155,11154,11156,1587304765000
4014,14,11135,61164,61165,61163,1587304611000
4025,8,61173,NA,NA,NA,1587905597000
4026,16,11134,91098,91099,91097,1587035125000
4030,22,91050,11134,11133,11135,1586950285000
4047,11,31019,NA,NA,NA,1584984609000
4060,14,91102,91109,91110,91111,1587309390000
4063,10,91111,NA,NA,NA,1588163759000
4070,10,6125,6172,6174,6173,1587383287000
4079,11,6173,NA,NA,NA,1587917721000
4080,10,11182,NA,NA,NA,1588251701000
4088,43,6126,41160,41159,41158,1586863257000
4089,11,31131,6125,6126,6124,1586785736000
4097,13,21043,71206,71207,71205,1587387290000
4129,10,31125,6164,6165,6163,1587038322000
4140,28,91051,41178,41176,41177,1586949001000
4141,20,61009,NA,NA,NA,1584446504000
4154,26,31123,41199,41198,41197,1587037754000
4158,8,81082,31123,31124,31125,1586435361000
4161,12,81083,31164,31163,31165,1586873214000
4166,11,41077,NA,NA,NA,1585741132000
4167,11,91133,NA,NA,NA,1588003245000
4188,3,91110,NA,NA,NA,1587985660000
4191,15,61165,91119,91120,91118,1587469388000
4192,13,91126,11184,11183,11182,1587559090000
4193,13,91109,91124,91125,91126,1587482576000
4203,17,11042,61036,61035,61034,1584620033000
4209,14,6165,41210,41211,41209,1587389374000
4366,10,11003,81032,81031,81033,1584445452000
4374,5,31018,31043,31042,31041,1584548382000
4380,10,91117,NA,NA,NA,1588073570000
4381,19,61179,11176,11177,11178,1587477494000
4382,6,31037,31058,31057,31056,1584972816000
4385,9,NA,81003,81002,81001,1583686192000
4423,10,61166,61172,61173,61174,1587380120000
4454,10,91108,NA,NA,NA,1587645925000
4462,16,41175,NA,NA,NA,1587641010000
4467,6,61008,31019,31017,31018,1584373717000
4479,10,81032,11072,11070,11071,1584980133000
4522,11,31088,31101,31100,31099,1586179535000
4528,12,31107,31119,31117,31118,1586347059000
4533,7,31118,31127,31128,31126,1586436466000
4534,12,41148,6139,6140,6141,1586866879000
4541,5,31045,31075,31076,31077,1585067427000
4544,13,31117,31200,31201,31199,1587392686000
4550,21,81067,NA,NA,NA,1585582986000
4556,13,31119,31154,31155,31153,1586864659000
4566,21,81060,81068,81067,81069,1585149577000
4570,17,6155,NA,NA,NA,1587309146000
4571,17,41169,6155,6156,6154,1586955180000
4574,13,6133,6147,6145,6146,1586873219000
4575,17,31007,41036,41034,41035,1584452809000
4585,9,41035,NA,NA,NA,1584973301000
4593,18,6145,41183,41184,41182,1586955787000
4596,14,81068,NA,NA,NA,1585660333000
4603,11,6147,31169,31170,31171,1586953588000
4606,5,31171,NA,NA,NA,1587909099000
4615,29,61061,41104,41106,41105,1586178280000
4616,23,41105,41143,41144,41145,1586783658000
4627,15,41106,6118,6119,6120,1586780926000
4632,11,6113,6130,6131,6132,1586792565000
4635,11,91002,11030,11029,11028,1584367849000
4637,10,61063,41134,41135,41136,1586698553000
4648,12,81089,6122,6123,6121,1586782764000
4649,10,11020,NA,NA,NA,1584537319000
4657,11,41134,6138,6136,6137,1586861261000
4659,21,41135,41162,41163,41161,1586867100000
4661,15,41145,31210,31209,31208,1587475204000
4675,10,31106,41131,41132,41133,1586697260000
4686,15,6114,31166,31168,31167,1586950074000
4692,12,6112,31150,31151,31152,1586862594000
4697,13,41168,6152,6151,6153,1586950781000
4703,20,6118,41169,41168,41167,1586872819000
4710,12,31129,31146,31145,31144,1586777646000
4721,9,31144,NA,NA,NA,1587557398000
4722,10,41146,NA,NA,NA,1587474881000
4724,9,41195,NA,NA,NA,1587479392000
4737,14,31155,31203,31202,31204,1587467175000
4743,20,81069,41102,41103,41101,1585669296000
4747,21,41167,41196,41194,41195,1587035122000
4752,11,31153,31216,31215,31214,1587557660000
4814,3,61006,51036,51034,51035,1584282466000
4822,16,41103,41147,41148,41146,1586784577000
4823,12,6120,31172,31173,31174,1586956473000
4827,12,31154,NA,NA,NA,1587555310000
4828,13,6153,6169,6170,6171,1587304082000
4831,13,61159,NA,NA,NA,1587915645000
4836,4,6009,51079,51081,51080,1584619116000
4838,6,11018,31053,31054,31055,1584969187000
4839,20,71135,11162,11161,11160,1587309671000
4841,10,41075,31113,31111,31112,1586264524000
4849,11,21089,NA,NA,NA,1588170144000
4852,3,11162,NA,NA,NA,1587563057000
4853,36,11019,41038,41039,41037,1584454519000
4877,10,71013,11016,11017,11018,1584285157000
4894,7,31055,31078,31079,31080,1585136663000
4897,10,51082,NA,NA,NA,1588086637000
4898,10,31054,41075,41074,41076,1585135739000
4900,12,41076,71170,71171,71169,1586867358000
4906,11,6089,31132,31133,31134,1586695535000
4915,5,31004,NA,NA,NA,1584535366000
4917,10,41044,41061,41059,41060,1584893920000
4946,19,41163,41203,41204,41205,1587305539000
4948,8,31005,11020,11019,11021,1584288284000
4952,13,81004,31006,31004,31005,1583930670000
4955,23,41136,31194,31195,31193,1587387650000
4956,19,41162,6161,6162,6160,1587035402000
4957,20,81003,81005,81006,81004,1583766278000
4960,15,41026,NA,NA,NA,1584966837000
4962,17,81005,41026,41025,41027,1584362050000
4965,8,41027,NA,NA,NA,1584443799000
4972,8,81006,31016,31015,31014,1584366349000
4983,10,41038,NA,NA,NA,1585055807000
4985,12,31014,41056,41057,41055,1584543236000
4989,8,41057,NA,NA,NA,1585050514000
4991,10,81059,6190,6191,6192,1587480127000
4993,13,81088,6112,6113,6114,1586708576000
4994,25,41037,81048,81046,81047,1584970479000
4999,10,31079,NA,NA,NA,1585577879000
5006,20,41039,NA,NA,NA,1584962875000
5010,10,71175,21090,21088,21089,1587564774000
5011,7,51154,NA,NA,NA,1586701135000
5038,11,41074,81075,81074,81073,1585485613000
5057,15,41101,81089,81088,81090,1586265128000
5084,12,6068,NA,NA,NA,1585744323000
5093,10,NA,21003,21001,21002,1583750473000
5098,10,51194,51267,51268,51266,1587564277000
5106,10,61133,71233,71234,71232,1587565151000
5109,16,61122,11159,11158,11157,1587307454000
5111,11,6008,6067,6068,6069,1585568526000
5114,10,51080,51257,51258,51259,1587558249000
5122,10,71149,71181,71182,71183,1586958557000
5131,11,41100,31110,31109,31108,1586262157000
5137,18,81046,NA,NA,NA,1585658214000
5152,13,71118,51157,51156,51155,1586431402000
5167,17,6103,71136,71138,71137,1586698782000
5182,17,51091,NA,NA,NA,1585483409000
5184,10,71150,NA,NA,NA,1587476495000
5187,17,51141,71119,71120,71118,1586265676000
5188,11,51142,6088,6090,6089,1586264217000
5190,10,51153,6103,6104,6105,1586437365000
5191,13,51152,61116,61115,61117,1586784930000
5214,14,51138,51142,51141,51140,1586178076000
5215,14,51140,71146,71145,71147,1586775348000
5216,11,6090,51150,51149,51151,1586348308000
5223,12,71119,71148,71150,71149,1586777629000
5226,6,11160,NA,NA,NA,1587557502000
5228,16,6104,71135,71133,71134,1586695769000
5230,11,51195,71193,71194,71195,1587302875000
5231,18,91015,51090,51089,51088,1584883007000
5242,12,6117,6193,6194,6195,1587559647000
5243,20,51156,71177,71176,71175,1586951061000
5249,16,71138,61133,61135,61134,1586948446000
5253,15,31134,6115,6116,6117,1586778945000
5254,10,21002,51012,51011,51010,1583935101000
5259,6,21003,NA,NA,NA,1584453424000
5261,15,41056,NA,NA,NA,1584879752000
5270,21,51157,71223,71224,71225,1587483472000
5282,4,71015,6009,6007,6008,1584275694000
5284,24,51089,81058,81059,81060,1585058327000
5295,9,21001,71015,71013,71014,1583935283000
5296,8,51012,NA,NA,NA,1584454373000
5297,20,71014,NA,NA,NA,1584462818000
5298,6,6007,NA,NA,NA,1584890655000
5301,13,31130,51191,51192,51193,1586787995000
5302,11,41117,31129,31130,31131,1586692579000
5310,15,31116,NA,NA,NA,1586966048000
5326,17,51010,91015,91013,91014,1584448542000
5327,14,51092,NA,NA,NA,1585495806000
5328,6,91014,NA,NA,NA,1584889630000
5329,21,41060,NA,NA,NA,1.585496e+12
5330,5,51196,NA,NA,NA,1587640511000
5331,17,51149,21051,21049,21050,1587037016000
5338,6,71163,21035,21034,21036,1586867078000
5346,4,6193,NA,NA,NA,1587641117000
5353,10,71133,71163,71165,71164,1586791159000
5355,8,21090,NA,NA,NA,1588172583000
5356,12,6105,61121,61122,61123,1586791400000
5361,3,91013,51093,51092,51091,1584888316000
5366,16,11158,71213,71211,71212,1587398115000
5397,10,71176,NA,NA,NA,1587645784000
5406,15,71164,51194,51195,51196,1586862170000
5428,12,41102,31105,31106,31107,1586259128000
5458,10,6011,71043,71044,71045,1584462961000
5460,3,51074,NA,NA,NA,1584964710000
5473,8,71189,NA,NA,NA,1587567279000
5492,7,31006,41045,41043,41044,1584461429000
5496,5,71032,NA,NA,NA,1584459410000
5497,7,21067,NA,NA,NA,1587915530000
5502,13,71129,51189,51190,51188,1586785575000
5503,20,6045,71127,71128,71129,1586435022000
5515,12,6097,NA,NA,NA,1586870910000
5519,11,71127,21021,21020,21019,1586784860000
5522,10,71124,NA,NA,NA,1587034879000
5524,8,51205,21046,21048,21047,1586961118000
5527,10,71201,11192,11193,11191,1587569354000
5528,16,6039,NA,NA,NA,1585149918000
5530,5,71029,NA,NA,NA,1584458447000
5541,14,71044,NA,NA,NA,1585485047000
5549,13,71065,NA,NA,NA,1585580501000
5552,18,51137,6097,6099,6098,1586354601000
5559,18,21069,NA,NA,NA,1587555694000
5565,9,6063,21023,21022,21024,1586788100000
5566,15,6062,71172,71173,71174,1586871512000
5572,14,6037,6063,6062,6061,1585144212000
5573,16,51096,NA,NA,NA,1585494199000
5580,14,71066,6071,6072,6070,1585580575000
5585,14,51148,6095,6096,6094,1586348816000
5589,11,51083,51125,51127,51126,1585485097000
5591,7,81026,NA,NA,NA,1584965510000
5604,13,51028,NA,NA,NA,1584979797000
5610,10,71132,21069,21068,21067,1587396923000
5617,15,71188,51233,51234,51235,1587310954000
5620,14,51101,NA,NA,NA,1585574297000
5625,27,51145,51164,51165,51166,1586695087000
5626,10,71064,71187,71188,71189,1587038141000
5628,10,71168,NA,NA,NA,1587916483000
5630,13,51099,6075,6074,6073,1585654368000
5632,3,51026,51073,51074,51075,1584458417000
5635,9,51075,NA,NA,NA,1584976970000
5636,10,6010,51097,51099,51098,1584969815000
5640,14,51136,51139,51138,51137,1585667799000
5642,10,51102,51205,51203,51204,1586871219000
5645,18,51127,NA,NA,NA,1586273015000
5647,11,6072,51143,51144,51145,1586258615000
5649,16,6044,51119,51120,51121,1585222921000
5651,12,91017,11064,11065,11066,1584975199000
5654,10,71126,NA,NA,NA,1586790501000
5659,10,71187,NA,NA,NA,1587642659000
5662,12,51144,51184,51182,51183,1586781665000
5667,11,51078,NA,NA,NA,1585154353000
5669,10,6012,51077,51078,51076,1584461702000
5672,13,51121,71231,71230,71229,1587559720000
5673,13,51110,NA,NA,NA,1586358840000
5674,3,81025,NA,NA,NA,1584535212000
5679,10,51126,6079,6081,6080,1585740488000
5683,10,21021,21057,21056,21055,1587306885000
5684,10,71172,61144,61143,61142,1586957552000
5691,10,6038,NA,NA,NA,1585143938000
5692,10,71053,NA,NA,NA,1585665270000
5704,10,51165,NA,NA,NA,1586789774000
5718,8,71043,6037,6039,6038,1584887391000
5724,10,71027,51109,51107,51108,1585056276000
5731,10,51120,51185,51186,51187,1586783581000
5735,11,6099,21028,21029,21030,1586793130000
5737,16,6061,71130,71131,71132,1586693078000
5771,12,51107,NA,NA,NA,1586348967000
5780,6,61053,NA,NA,NA,1585067805000
5786,13,51119,71126,71125,71124,1586361653000
5794,5,81038,71062,71063,71061,1584966455000
5795,10,21063,61192,61191,61190,1587560152000
5798,10,51242,51262,51260,51261,1587560047000
5799,8,11005,81039,81038,81037,1584456059000
5802,31,NA,11004,11005,11006,1583843550000
5804,8,51219,NA,NA,NA,1587909272000
5810,10,6093,21009,21008,21007,1586694647000
5813,10,21007,51220,51219,51218,1587039815000
5816,15,71115,51169,51167,51168,1586700009000
5825,16,21009,NA,NA,NA,1586950478000
5839,6,6092,NA,NA,NA,1586781017000
5842,14,71061,71087,71086,71085,1585152091000
5846,10,6085,51163,51161,51162,1586692744000
5857,12,51161,71161,71160,71162,1586787979000
5859,10,51243,NA,NA,NA,1587905744000
5860,10,71086,6087,6085,6086,1586185320000
5863,44,6087,11120,11119,11118,1586864793000
5868,15,51181,71196,71198,71197,1587310673000
5878,12,71063,NA,NA,NA,1585227607000
5882,10,11123,51237,51236,51238,1587314035000
5883,6,81039,NA,NA,NA,1584894792000
5885,20,21039,51214,51213,51212,1586957217000
5893,10,71174,51230,51231,51232,1587303704000
5895,13,71062,51130,51129,51128,1585487583000
5903,10,6086,11136,11138,11137,1586954485000
5906,4,81037,NA,NA,NA,1584969524000
5909,10,51168,21038,21037,21039,1586870776000
5914,21,51179,NA,NA,NA,1586953137000
5923,13,11119,71228,71227,71226,1587555940000
5925,11,71117,11124,11126,11125,1586867023000
5930,11,71116,11121,11123,11122,1586866231000
5934,13,71085,6084,6083,6082,1586180242000
5947,10,6091,NA,NA,NA,1586958720000
5955,13,51130,6091,6092,6093,1586269619000
5956,10,61105,91067,91069,91068,1586794723000
5968,10,11122,NA,NA,NA,1587916881000
5988,10,71122,51180,51179,51181,1586779553000
5993,11,21026,71215,71214,71216,1587470408000
6025,16,61109,51198,51199,51197,1586864967000
6028,8,61110,51201,51200,51202,1586867680000
6039,13,51226,51248,51249,51250,1587481942000
6073,13,51129,71116,71117,71115,1586261788000
6074,19,61001,91009,91007,91008,1584377778000
6078,16,91009,6052,6053,6054,1585051008000
6079,10,51160,71139,71140,71141,1586702949000
6081,10,11137,NA,NA,NA,1587388443000
6082,19,71073,NA,NA,NA,1585663981000
6084,10,21062,NA,NA,NA,1588078133000
6105,10,61142,NA,NA,NA,1587642527000
6107,12,51249,NA,NA,NA,1587999713000
6108,12,71207,21076,21078,21077,1587484451000
6111,10,21076,NA,NA,NA,1588082694000
6113,25,61127,51226,51224,51225,1587297514000
6142,10,91008,71074,71073,71075,1585066150000
6148,20,51202,51227,51228,51229,1587300485000
6154,12,61111,51208,51207,51206,1586873030000
6163,15,71139,61111,61110,61109,1586777927000
6180,10,21061,NA,NA,NA,1587908166000
6182,16,71095,71153,71151,71152,1586782648000
6193,14,71074,71110,71111,71109,1585740373000
6210,13,51163,61129,61128,61127,1586867015000
6211,10,51255,NA,NA,NA,1587914816000
6216,4,71153,51270,51271,51269,1587566877000
6223,10,51260,NA,NA,NA,1588173737000
6238,21,11138,51243,51244,51242,1587468746000
6239,10,51169,51175,51174,51173,1586704510000
6248,21,6064,51158,51159,51160,1586434834000
6264,10,61191,NA,NA,NA,1587987440000
6275,22,81043,NA,NA,NA,1585219266000
6285,10,61129,71180,71179,71178,1586954822000
6292,13,6065,71096,71095,71094,1585580122000
6294,10,71178,71237,71236,71235,1587567929000
6304,11,61114,61154,61155,61156,1587042256000
6305,10,21005,61118,61120,61119,1586787585000
6307,12,61155,71208,71209,71210,1587394239000
6311,10,71075,71091,71092,71093,1585494525000
6341,10,71067,NA,NA,NA,1585567878000
6344,13,71209,NA,NA,NA,1587466792000
6347,10,51215,21070,21071,21072,1587467649000
6380,18,21045,51217,51216,51215,1587035496000
6391,10,61199,NA,NA,NA,1588077515000
6400,10,51216,21064,21065,21066,1587393825000
6402,16,21004,51178,51177,51176,1586777116000
6404,5,21032,61199,61201,61200,1587567451000
6405,10,61201,NA,NA,NA,1588075870000
6437,10,71155,21032,21031,21033,1586862401000
6463,10,61113,61195,61194,61193,1587563830000
6475,13,51177,51241,51239,51240,1587397050000
6476,10,51158,51171,51170,51172,1586702538000
6477,12,71121,61114,61112,61113,1586782582000
6478,12,51239,NA,NA,NA,1587918211000
6479,18,71091,21006,21004,21005,1586692507000
6488,10,71093,71123,71122,71121,1586347087000
6514,12,71210,21073,21074,21075,1587475088000
6536,13,71069,NA,NA,NA,1585487619000
6549,6,71022,81044,81045,81043,1584545718000
6550,10,51176,21061,21063,21062,1587383217000
6554,10,21065,NA,NA,NA,1587640992000
6570,11,61156,NA,NA,NA,1587556267000
6585,8,91007,71067,71068,71069,1584976436000
6602,5,51069,51084,51083,51082,1584878566000
6609,7,71026,51071,51070,51072,1584456696000
6617,6,71017,NA,NA,NA,1584454475000
6622,5,71042,6030,6029,6028,1584617966000
6635,6,6002,51025,51026,51027,1584275276000
6640,11,71166,71200,71201,71199,1587314477000
6645,3,51022,81022,81024,81023,1584283181000
6646,12,6022,51114,51113,51115,1585066017000
6650,10,71040,NA,NA,NA,1584617938000
6657,10,6071,51148,51147,51146,1586275843000
6672,14,71072,71108,71106,71107,1585673439000
6673,6,51076,71054,71053,71052,1584618566000
6675,5,51077,NA,NA,NA,1584975366000
6684,15,71028,91011,91010,91012,1584443029000
6707,12,6074,71166,71168,71167,1586793357000
6708,9,51032,51058,51059,51060,1584447727000
6711,20,51068,NA,NA,NA,1584619935000
6721,16,51033,51065,51064,51066,1584449906000
6725,5,91011,21027,21026,21025,1586790050000
6726,6,51072,6024,6023,6022,1584530699000
6729,8,51073,6035,6034,6036,1584880628000
6731,11,51094,51117,51116,51118,1585139169000
6734,4,71033,51068,51069,51067,1584454277000
6736,10,51058,NA,NA,NA,1584622114000
6738,9,91012,71066,71065,71064,1584971086000
6741,18,71023,6010,6011,6012,1584278644000
6753,5,81023,NA,NA,NA,1584454759000
6758,10,51024,71033,71031,71032,1584279500000
6763,11,6021,51110,51112,51111,1585062544000
6764,3,51023,81026,81027,81025,1584285143000
6765,3,81027,51062,51061,51063,1584448943000
6766,10,51086,51136,51134,51135,1585655876000
6771,7,51070,51102,51101,51100,1584975696000
6782,12,51117,71097,71098,71099,1585657194000
6783,15,51071,NA,NA,NA,1585224649000
6790,8,81019,6027,6026,6025,1584532589000
6791,12,6025,NA,NA,NA,1585055282000
6797,15,6019,6057,6056,6055,1585066895000
6798,13,81022,6019,6020,6021,1584447538000
6801,4,51020,51030,51028,51029,1584278509000
6808,4,91010,51087,51085,51086,1584880696000
6809,16,51118,NA,NA,NA,1586351999000
6814,5,51027,71042,71041,71040,1584460197000
6818,5,51021,71029,71030,71028,1584277903000
6825,16,51060,51094,51095,51096,1584965967000
6831,6,51019,NA,NA,NA,1584879871000
6848,10,6003,51019,51020,51021,1.584013e+12
6878,10,51029,NA,NA,NA,1584450588000
6881,10,6023,NA,NA,NA,1585050812000